,unemployment_rate,fed_rate,indpro,gs10,usrec,sp500_close,inflation_yoy,sp500_log_return,log_indpro
1991-01-01,6.4,6.91,61.1355,8.09,1.0,343.92999267578125,5.647058823529405,4.067902429874777,4.113092712183793
1991-02-01,6.6,6.25,60.6838,7.85,1.0,367.07000732421875,5.312500000000009,6.511445851577625,4.105676776118765
1991-03-01,6.8,6.12,60.3346,8.11,1.0,375.2200012207031,4.821150855365497,2.195993835391806,4.099905736852473
1991-04-01,6.7,5.91,60.4938,8.04,0.0,375.3399963378906,4.809930178432875,0.03197482375830989,4.102540880446586
1991-05-01,6.9,5.78,61.0633,8.07,0.0,389.8299865722656,5.034856700232382,3.7878440105439655,4.111911031047784
1991-06-01,6.9,5.9,61.5581,8.28,0.0,371.1600036621094,4.695919938414161,-4.907746586014916,4.1199814442968385
1991-07-01,6.8,5.82,61.7305,8.27,0.0,387.80999755859375,4.367816091954024,4.388227631696101,4.122778136162407
1991-08-01,6.9,5.66,61.7298,7.9,0.0,395.42999267578125,3.7993920972644313,1.9458239201722227,4.122766796484794
1991-09-01,6.9,5.45,62.2195,7.65,0.0,387.8599853515625,3.396226415094339,-1.9329349869559536,4.1306684554359165
1991-10-01,7.0,5.21,62.1855,7.53,0.0,392.45001220703125,2.8485757121439192,1.1764759676739434,4.130121853597622
1991-11-01,7.0,4.81,62.0871,7.42,0.0,375.2200012207031,3.0665669409125185,-4.489664780873656,4.128538237892079
1991-12-01,7.3,4.43,61.7852,7.09,0.0,417.0899963378906,2.980625931445613,10.578949320065524,4.123663853582556
1992-01-01,7.3,4.03,61.4616,7.03,0.0,408.7799987792969,2.672605790645899,-2.0124906041998383,4.118412589555801
1992-02-01,7.4,4.06,61.8955,7.34,0.0,412.70001220703125,2.8189910979228294,0.9543855309576457,4.125447479148091
1992-03-01,7.4,3.98,62.4232,7.54,0.0,403.69000244140625,3.189910979228472,-2.207370360663781,4.13393700114859
1992-04-01,7.4,3.73,62.897,7.48,0.0,414.95001220703125,3.1828275351591495,2.751079773217417,4.141498467815387
1992-05-01,7.6,3.82,63.104,7.39,0.0,415.3500061035156,3.0235988200590036,0.096349251741979,4.14478415898017
1992-06-01,7.8,3.76,63.1363,7.26,0.0,408.1400146484375,3.0147058823529305,-1.7511264288296995,4.145295881476153
1992-07-01,7.7,3.25,63.7176,6.84,0.0,424.2099914550781,3.1571218795888534,3.8618306803876776,4.154460819549085
1992-08-01,7.6,3.3,63.3613,6.59,0.0,414.0299987792969,3.0746705710102518,-2.4290163475819795,4.148853264972454
1992-09-01,7.6,3.22,63.5703,6.42,0.0,417.79998779296875,2.9927007299270114,0.9064387885347568,4.152146380144355
1992-10-01,7.3,3.1,63.9995,6.59,0.0,418.67999267578125,3.279883381924198,0.21040675880256818,4.158875270829154
1992-11-01,7.4,3.09,64.2422,6.87,0.0,431.3500061035156,3.1204644412191396,2.981295217929922,4.162660315627448
1992-12-01,7.4,2.92,64.3507,6.77,0.0,435.7099914550781,2.966714905933454,1.0057025148320269,4.164347811993848
1993-01-01,7.3,3.02,64.5978,6.6,0.0,438.7799987792969,3.2537960954446943,0.7021280908169156,4.168180354481093
1993-02-01,7.1,3.03,64.9089,6.26,0.0,443.3800048828125,3.2467532467532534,1.0429055449634723,4.172984748360418
1993-03-01,7.0,3.07,64.8522,5.98,0.0,451.6700134277344,3.0194104960460155,1.8524653242830476,4.172110834628049
1993-04-01,7.1,2.96,65.0301,5.97,0.0,440.19000244140625,3.1563845050215145,-2.5745396987600264,4.174850239631685
1993-05-01,7.1,3.0,64.784,6.04,0.0,450.19000244140625,3.2211882605583497,2.2463263865183976,4.171058659289805
1993-06-01,7.0,3.04,64.9301,5.96,0.0,450.5299987792969,2.9978586723768963,0.07549434975973471,4.173311306639339
1993-07-01,6.9,3.06,65.1052,5.81,0.0,448.1300048828125,2.8469750889679624,-0.5341285007793978,4.176004423136652
1993-08-01,6.8,3.03,65.0267,5.68,0.0,463.55999755859375,2.840909090909083,3.385244141081636,4.174797954783822
1993-09-01,6.7,3.09,65.3717,5.36,0.0,458.92999267578125,2.7639971651311157,-1.003814417509818,4.180089443099557
1993-10-01,6.8,2.99,65.8509,5.33,0.0,467.8299865722656,2.752293577981657,1.9207276337299777,4.18739309552186
1993-11-01,6.6,3.02,66.1518,5.72,0.0,461.7900085449219,2.7445460942997935,-1.2994692567740804,4.191952101075109
1993-12-01,6.5,2.96,66.5436,5.77,0.0,466.45001220703125,2.8109627547435068,1.0040598783038786,4.197857371922138
1994-01-01,6.6,3.05,66.7351,5.75,0.0,481.6099853515625,2.450980392156854,3.1983767906037284,4.2007310513890666
1994-02-01,6.6,3.25,66.774,5.97,0.0,467.1400146484375,2.515723270440251,-3.05055975160481,4.2013137832193435
1994-03-01,6.5,3.34,67.4552,6.48,0.0,445.7699890136719,2.6517794836008246,-4.6825930676400365,4.211463673825975
1994-04-01,6.4,3.56,67.8541,6.97,0.0,450.9100036621094,2.364394993045882,1.1464671878566652,4.2173598118686275
1994-05-01,6.1,4.01,68.1663,7.18,0.0,456.5,2.288488210818307,1.2320928865823515,4.221950307827175
1994-06-01,6.1,4.25,68.6265,7.1,0.0,444.2699890136719,2.494802494802495,-2.715623904644618,4.228678757514311
1994-07-01,6.1,4.26,68.7178,7.3,0.0,458.260009765625,2.69896193771626,3.1004268952847047,4.23000826319381
1994-08-01,6.0,4.47,69.1785,7.24,0.0,475.489990234375,2.900552486187835,3.6909100790636225,4.2366901207067365
1994-09-01,5.9,4.73,69.3961,7.46,0.0,462.7099914550781,2.965517241379323,-2.7245341243997485,4.239830669968288
1994-10-01,5.8,4.76,69.9544,7.74,0.0,472.3500061035156,2.609890109890123,2.061975964867581,4.247843601206147
1994-11-01,5.6,5.29,70.4326,7.96,0.0,453.69000244140625,2.602739726027403,-4.0306098324758715,4.254656224162832
1994-12-01,5.5,5.45,71.1523,7.81,0.0,459.2699890136719,2.597402597402576,1.2224097678835126,4.264822650085065
1995-01-01,5.6,5.53,71.2734,7.78,0.0,470.4200134277344,2.8708133971291794,2.3987692740722113,4.266523186283003
1995-02-01,5.4,5.92,71.193,7.47,0.0,487.3900146484375,2.862985685071595,3.5438712774815286,4.265394498977991
1995-03-01,5.4,5.98,71.3113,7.2,0.0,500.7099914550781,2.7872195785180187,2.696242010364243,4.267054800136278
1995-04-01,5.8,6.05,71.1882,7.06,0.0,514.7100219726562,3.125000000000022,2.7576603842838927,4.265327074346062
1995-05-01,5.6,6.01,71.5378,6.63,0.0,533.4000244140625,3.1186440677966054,3.566797956572486,4.270225981331181
1995-06-01,5.6,6.0,71.7749,6.17,0.0,544.75,3.0425963488843744,2.1055316306170484,4.273534832763384
1995-07-01,5.7,5.85,71.4748,6.28,0.0,562.0599975585938,2.8301886792452713,3.1281627592512193,4.269344940023278
1995-08-01,5.7,5.74,72.4223,6.49,0.0,561.8800048828125,2.6174496644295386,-0.03202887643984275,4.282514263015729
1995-09-01,5.6,5.8,72.7144,6.2,0.0,584.4099731445312,2.54521098459477,3.931443269158869,4.286539439203208
1995-10-01,5.5,5.76,72.5866,6.04,0.0,581.5,2.7443105756358666,-0.49917733857125224,4.2847803317923026
1995-11-01,5.6,5.8,72.7779,5.93,0.0,605.3699951171875,2.603471295060067,4.022886132135168,4.287412337686935
1995-12-01,5.6,5.6,73.0305,5.71,0.0,615.9299926757812,2.5316455696202667,1.7293475541394994,4.290877162110019
1996-01-01,5.6,5.56,72.6125,5.65,0.0,636.02001953125,2.7906976744185963,3.20967312736511,4.285137083318651
1996-02-01,5.5,5.22,73.6752,5.81,0.0,640.4299926757812,2.717031146454607,0.690977421523225,4.299666243245117
1996-03-01,5.5,5.31,73.585,6.27,0.0,645.5,2.8439153439153486,0.7885395976348094,4.298441200616076
1996-04-01,5.6,5.22,74.3172,6.51,0.0,654.1699829101562,2.832674571805005,1.334202010570647,4.308342418876597
1996-05-01,5.6,5.24,74.8726,6.74,0.0,669.1199951171875,2.827087442472065,2.259617855050066,4.315788002499521
1996-06-01,5.3,5.27,75.4433,6.91,0.0,670.6300048828125,2.8215223097112663,0.22541674267919787,4.323381380740705
1996-07-01,5.5,5.4,75.4549,6.87,0.0,639.9500122070312,2.8833551769331667,-4.682750899291917,4.323535126776415
1996-08-01,5.1,5.22,75.8411,6.64,0.0,651.989990234375,2.8122956180510084,1.8639142030761158,4.32864036206099
1996-09-01,5.2,5.3,76.3158,6.83,0.0,687.3300170898438,3.0045721750489918,5.278534169307636,4.334879994179205
1996-10-01,5.2,5.24,76.3384,6.53,0.0,705.27001953125,3.0618892508143203,2.5766184810720274,4.335176088229223
1996-11-01,5.4,5.31,77.0397,6.2,0.0,757.02001953125,3.2530904359141077,7.080896305654677,4.3443208734012915
1996-12-01,5.4,5.29,77.5333,6.3,0.0,740.739990234375,3.378817413905133,-2.1740025620189605,4.350707521493748
1997-01-01,5.3,5.25,77.6562,6.58,0.0,786.1599731445312,3.0381383322559907,5.9510626546169565,4.352291391867616
1997-02-01,5.2,5.19,78.5833,6.42,0.0,790.8200073242188,3.0322580645161246,0.5910091189056065,4.364159208667212
1997-03-01,5.2,5.39,79.082,6.69,0.0,757.1199951171875,2.7652733118971096,-4.354863618214284,4.3704852888273225
1997-04-01,5.1,5.51,79.1747,6.89,0.0,801.3400268554688,2.434336963484962,5.676360503236183,4.371656803342691
1997-05-01,4.9,5.5,79.6133,6.71,0.0,848.280029296875,2.237851662404089,5.692544457452351,4.377181164320258
1997-06-01,5.0,5.56,79.9792,6.49,0.0,885.1400146484375,2.233567326100827,4.253503662890388,4.381766600868022
1997-07-01,4.9,5.52,80.6624,6.22,0.0,954.3099975585938,2.165605095541401,7.524272255849243,4.3902725435277326
1997-08-01,4.8,5.54,81.4694,6.3,0.0,899.469970703125,2.2900763358778775,-5.918289529406516,4.400227489621318
1997-09-01,4.9,5.54,82.2156,6.21,0.0,947.280029296875,2.21940393151554,5.178908254907495,4.409345065077892
1997-10-01,4.7,5.5,82.9446,6.03,0.0,914.6199951171875,2.0859671302149163,-3.508607782077327,4.418172915059888
1997-11-01,4.6,5.52,83.5978,5.88,0.0,955.4000244140625,1.8903591682419618,4.362145338032799,4.426017203954916
1997-12-01,4.7,5.5,83.9538,5.81,0.0,970.4299926757812,1.6970458830924073,1.5609138181524678,4.430266647537833
1998-01-01,4.6,5.56,84.3218,5.54,0.0,980.280029296875,1.6311166875784044,1.0099010336863457,4.434640431813779
1998-02-01,4.6,5.51,84.4583,5.57,0.0,1049.3399658203125,1.440200375704448,6.807836648858761,4.4362579214320474
1998-03-01,4.7,5.49,84.488,5.65,0.0,1101.75,1.3767209011263937,4.8738462205499475,4.436609512444173
1998-04-01,4.3,5.45,84.7779,5.64,0.0,1111.75,1.4383989993745905,0.9035525668709443,4.440034895624787
1998-05-01,4.4,5.49,85.3367,5.65,0.0,1090.8199462890625,1.6885553470919357,-1.900569265965794,4.446604608158198
1998-06-01,4.5,5.56,84.8248,5.5,0.0,1133.8399658203125,1.6229712858926382,3.868041398243032,4.440587952872053
1998-07-01,4.5,5.54,84.4986,5.46,0.0,1120.6700439453125,1.74563591022443,-1.168331178413525,4.436734966178539
1998-08-01,4.5,5.55,86.248,5.34,0.0,957.280029296875,1.6169154228855787,-15.758607868343159,4.457226867236817
1998-09-01,4.6,5.51,86.2021,4.81,0.0,1017.010009765625,1.4267990074441794,6.052627819818775,4.456694539321856
1998-10-01,4.5,5.07,86.7914,4.53,0.0,1098.6700439453125,1.4860681114551078,7.72334378916789,4.4635075384167076
1998-11-01,4.4,4.83,86.7256,4.83,0.0,1163.6300048828125,1.4842300556586308,5.744403620469628,4.462749111252175
1998-12-01,4.4,4.68,87.1185,4.65,0.0,1229.22998046875,1.606922126081578,5.484350764671906,4.467269260845626
1999-01-01,4.3,4.63,87.4949,4.72,0.0,1279.6400146484375,1.6666666666666607,4.0190858615482234,4.471580505950604
1999-02-01,4.4,4.76,88.027,5.0,0.0,1238.3299560546875,1.6666666666666607,-3.281513760025149,4.477643585600952
1999-03-01,4.2,4.81,88.2267,5.23,0.0,1286.3699951171875,1.7283950617283939,3.8060632258911853,4.479909638290398
1999-04-01,4.3,4.74,88.4295,5.18,0.0,1335.1800537109375,2.281134401972884,3.724185997213077,4.482205624381904
1999-05-01,4.2,4.74,88.9886,5.54,0.0,1301.8399658203125,2.091020910209096,-2.5287532336114906,4.488508271640289
1999-06-01,4.3,4.76,88.9188,5.9,0.0,1372.7099609375,1.9656019656019597,5.300823759008801,4.487723593728281
1999-07-01,4.3,4.99,89.4333,5.79,0.0,1328.719970703125,2.1446078431372584,-3.25708089457425,4.493493096046292
1999-08-01,4.2,5.07,89.7924,5.94,0.0,1320.4100341796875,2.2643818849449104,-0.6273730443188987,4.497500339209917
1999-09-01,4.2,5.22,89.4299,5.92,0.0,1282.7099609375,2.629969418960254,-2.8967323421100266,4.493455078164464
1999-10-01,4.1,5.2,90.523,6.11,0.0,1362.9300537109375,2.56253813300793,6.066183660855315,4.5056039620632635
1999-11-01,4.1,5.42,90.9618,6.03,0.0,1388.9100341796875,2.6203534430225606,1.8882457961593262,4.510439638164688
1999-12-01,4.0,5.3,91.6634,6.28,0.0,1469.25,2.676399026763998,5.6232775045104955,4.518123171999835
2000-01-01,4.0,5.45,91.538,6.66,0.0,1394.4599609375,2.792956891317555,-5.224485096542008,4.516754186614521
2000-02-01,4.1,5.73,91.8239,6.52,0.0,1366.4200439453125,3.2179720704310855,-2.0313002436901426,4.5198726123255115
2000-03-01,4.0,5.85,92.1504,6.26,0.0,1498.5799560546875,3.762135922330101,9.232375063667664,4.523422024855191
2000-04-01,3.8,6.02,92.6989,5.99,0.0,1452.4300537109375,3.013863773357439,-3.127991095339023,4.529356606266238
2000-05-01,4.0,6.27,92.9499,6.44,0.0,1420.5999755859375,3.1325301204819134,-2.2158752395755528,4.532060638319645
2000-06-01,4.0,6.53,92.9862,6.1,0.0,1454.5999755859375,3.7349397590361377,2.365163155843237,4.532451095046027
2000-07-01,4.0,6.54,92.8048,6.05,0.0,1430.8299560546875,3.5992801439711952,-1.6476267193485266,4.530498362592438
2000-08-01,4.1,6.5,92.5521,5.83,0.0,1517.6800537109375,3.3512866546977715,5.892822369153254,4.527771729199683
2000-09-01,3.9,6.52,92.9792,5.8,0.0,1436.510009765625,3.45649582836709,-5.496632087674741,4.532375812224564
2000-10-01,3.9,6.51,92.6179,5.74,0.0,1429.4000244140625,3.4503271861986873,-0.4961774691885913,4.528482427506857
2000-11-01,3.9,6.51,92.6438,5.72,0.0,1314.949951171875,3.444180522565321,-8.345618792359105,4.528762031981702
2000-12-01,3.9,6.4,92.3415,5.24,0.0,1320.280029296875,3.4360189573459543,0.40452525456847754,4.525493661261395
2001-01-01,4.2,5.98,91.902,5.16,0.0,1366.010009765625,3.7212049616065945,3.4050231409260965,4.5207227919104715
2001-02-01,4.2,5.49,91.3034,5.1,0.0,1239.93994140625,3.529411764705892,-9.683114482086731,4.514188026776101
2001-03-01,4.3,5.31,91.1162,4.89,0.0,1160.3299560546875,2.9824561403508643,-6.635853454793589,4.512135615020859
2001-04-01,4.4,4.8,90.7891,5.14,1.0,1249.4599609375,3.2182562902282053,7.400701716559068,4.50853923434852
2001-05-01,4.3,4.21,90.3555,5.39,1.0,1255.8199462890625,3.5630841121495394,0.5077276192499077,4.503751889562889
2001-06-01,4.5,3.97,89.8784,5.28,1.0,1224.3800048828125,3.193960511033689,-2.5354105491820706,4.498457645645551
2001-07-01,4.6,3.77,89.3028,5.24,1.0,1211.22998046875,2.7214823393167498,-1.0798241319025235,4.4920328423740985
2001-08-01,4.9,3.65,89.2003,4.97,1.0,1133.5799560546875,2.7214823393167498,-6.625562852916861,4.490884402809008
2001-09-01,5.0,3.07,88.7485,4.73,1.0,1040.93994140625,2.5921658986175045,-8.525663276941998,4.485806526804244
2001-10-01,5.3,2.49,88.5052,4.57,1.0,1059.780029296875,2.127659574468077,1.793727226268294,4.483061307349902
2001-11-01,5.5,2.09,87.97,4.65,1.0,1139.449951171875,1.894374282433997,7.248427993671071,4.476995847264583
2001-12-01,5.7,1.82,87.9324,5.09,0.0,1148.0799560546875,1.603665521191311,0.7545296609037893,4.4765683374571825
2002-01-01,5.7,1.73,88.5176,5.04,0.0,1130.199951171875,1.1958997722095743,-1.5696378592795637,4.483201402298353
2002-02-01,5.7,1.74,88.5278,4.91,0.0,1106.72998046875,1.1363636363636465,-2.0984861119793337,4.483316626980963
2002-03-01,5.7,1.73,89.1686,5.28,0.0,1147.3900146484375,1.3628620102214661,3.6080106667215,4.490528959675886
2002-04-01,5.9,1.75,89.604,5.21,0.0,1076.9200439453125,1.643990929705219,-6.33846547446828,4.4953999618415645
2002-05-01,5.8,1.75,89.964,5.16,0.0,1067.1400146484375,1.2408347433727984,-0.9122969376784574,4.499409590308925
2002-06-01,5.8,1.75,90.7061,4.93,0.0,989.8200073242188,1.0692177827799743,-7.521434960317877,4.507624609545373
2002-07-01,5.8,1.73,90.6769,4.65,0.0,911.6199951171875,1.465614430665152,-8.229988459363803,4.507302638905873
2002-08-01,5.7,1.74,90.5762,4.26,0.0,916.0700073242188,1.747463359639223,0.4869557741769553,4.50619148538231
2002-09-01,5.7,1.75,90.6531,3.87,0.0,815.280029296875,1.516002245929271,-11.656114050838795,4.507040134078909
2002-10-01,5.7,1.75,90.4643,3.94,0.0,885.760009765625,2.0270270270270174,8.291439611915427,4.504955297741974
2002-11-01,5.9,1.34,90.9711,4.05,0.0,936.3099975585938,2.2535211267605604,5.550057104349944,4.510541873659292
2002-12-01,6.0,1.24,90.4652,4.03,0.0,879.8200073242188,2.4802705749718212,-6.222926619772059,4.504965246368373
2003-01-01,5.8,1.24,91.2361,4.05,0.0,855.7000122070312,2.757456387169399,-2.77974877305516,4.513450652092272
2003-02-01,5.9,1.26,91.3445,3.9,0.0,841.1500244140625,3.146067415730336,-1.714982949976613,4.514638073020199
2003-03-01,5.9,1.25,91.1044,3.81,0.0,848.1799926757812,3.025210084033625,0.8322836592988462,4.512006101672571
2003-04-01,6.0,1.26,90.5617,3.96,0.0,916.9199829101562,2.175125488008911,7.7927340026379035,4.506031386363485
2003-05-01,6.1,1.26,90.537,3.57,0.0,963.5900268554688,1.8941504178273005,4.964571199782594,4.505758606932676
2003-06-01,6.3,1.22,90.6527,3.33,0.0,974.5,1.948775055679297,1.1258598140629075,4.507035721644227
2003-07-01,6.2,1.01,91.1185,3.98,0.0,990.3099975585938,2.055555555555544,1.6093504013478805,4.512160857194826
2003-08-01,6.1,1.03,90.9197,4.45,0.0,1008.010009765625,2.216066481994461,1.7715355943955013,4.509976699374851
2003-09-01,6.1,1.01,91.5059,4.27,0.0,995.969970703125,2.378318584070782,-1.2016271671429113,4.51640345107699
2003-10-01,6.0,1.01,91.6186,4.29,0.0,1050.7099609375,2.041942604856528,5.350426070312328,4.517634307835408
2003-11-01,5.8,1.0,92.2329,4.3,0.0,1058.199951171875,1.9283746556473913,0.7103216390662538,4.524316899884605
2003-12-01,5.7,0.98,92.2602,4.27,0.0,1111.9200439453125,2.0352035203520247,4.951898497110497,4.524612845914015
2004-01-01,5.7,1.0,92.4006,4.15,0.0,1131.1300048828125,2.026286966046009,1.7128847057714995,4.526133472133049
2004-02-01,5.6,1.01,92.958,4.08,0.0,1144.93994140625,1.688453159041381,1.213504533610582,4.5321477782422095
2004-03-01,5.8,1.0,92.5861,3.83,0.0,1126.2099609375,1.7400761283306032,-1.6494204178642544,4.528139022393441
2004-04-01,5.6,1.0,92.93,4.35,0.0,1107.300048828125,2.2925764192139875,-1.6933314713063943,4.531846521569248
2004-05-01,5.6,1.0,93.6013,4.72,0.0,1120.6800537109375,2.8977583378895444,1.2011028036095872,4.539044272275985
2004-06-01,5.6,1.03,92.871,4.73,0.0,1140.8399658203125,3.1676679410158393,1.7829111362111554,4.531211433469797
2004-07-01,5.5,1.26,93.5649,4.5,0.0,1101.719970703125,2.939575394665228,-3.489223484716681,4.5386553131534635
2004-08-01,5.4,1.43,93.6277,4.28,0.0,1104.239990234375,2.5474254742547275,0.22847383199045748,4.5393262798728315
2004-09-01,5.4,1.61,93.7467,4.13,0.0,1114.5799560546875,2.5391680172879516,0.9320306218269943,4.540596464230986
2004-10-01,5.5,1.76,94.5465,4.1,0.0,1130.199951171875,3.1909140075716547,1.3916952102817837,4.549091776968219
2004-11-01,5.4,1.93,94.7813,4.19,0.0,1173.8199462890625,3.621621621621607,3.7868776906828336,4.5515721324192135
2004-12-01,5.4,2.16,95.5365,4.23,0.0,1211.9200439453125,3.3423180592991875,3.194257321148287,4.559508373420149
2005-01-01,5.3,2.28,95.8801,4.22,0.0,1181.27001953125,2.8448738593666034,-2.5615767695305847,4.563098452536019
2005-02-01,5.4,2.5,96.5761,4.17,0.0,1203.5999755859375,3.0530262453133394,1.8726898056026693,4.5703312985987905
2005-03-01,5.2,2.63,96.4456,4.5,0.0,1180.5899658203125,3.2068412613575736,-1.9302760921690574,4.568979118819173
2005-04-01,5.2,2.79,96.6532,4.34,0.0,1156.8499755859375,3.3617929562433257,-2.0313511500222594,4.571129314262995
2005-05-01,5.1,3.0,96.7402,4.14,0.0,1191.5,2.869287991498415,2.9512244489019595,4.572029034789847
2005-06-01,5.0,3.04,97.1753,4.0,0.0,1191.3299560546875,2.541026998411855,-0.014272436450534956,4.576516563947311
2005-07-01,5.0,3.26,96.8676,4.18,0.0,1234.1800537109375,3.067160232681121,3.5336532271868712,4.573345097659094
2005-08-01,4.9,3.5,97.1833,4.26,0.0,1220.3299560546875,3.6469344608879517,-1.1285547502899256,4.576598886005656
2005-09-01,5.0,3.62,95.3005,4.2,0.0,1228.81005859375,4.741833508956805,0.6924991121193389,4.55703505723611
2005-10-01,5.0,3.78,96.4572,4.46,0.0,1207.010009765625,4.350104821802936,-1.7900033906343304,4.5690993866433205
2005-11-01,5.0,4.0,97.5414,4.54,0.0,1249.47998046875,3.3385498174230532,3.45812139547286,4.580276903264815
2005-12-01,4.9,4.16,98.0452,4.47,0.0,1248.2900390625,3.3385498174230532,-0.09528030899304152,4.585428596829047
2006-01-01,4.7,4.29,98.1999,4.42,0.0,1280.0799560546875,4.018789144050117,2.5147895607579915,4.587005197029963
2006-02-01,4.8,4.49,98.2413,4.57,0.0,1280.6600341796875,3.63825363825363,0.0453055083401205,4.587426697210301
2006-03-01,4.7,4.59,98.4628,4.72,0.0,1294.8699951171875,3.4179181771103018,1.1034703509449961,4.589678811870047
2006-04-01,4.7,4.79,98.7618,4.99,0.0,1310.6099853515625,3.613835828600931,1.2082366269225648,4.592710890313318
2006-05-01,4.6,4.94,98.7869,5.11,0.0,1270.0899658203125,3.9772727272727293,-3.14049293203158,4.592965004869729
2006-06-01,4.6,4.99,99.0997,5.11,0.0,1270.199951171875,4.1817243159525175,0.008659275533511337,4.596126414086154
2006-07-01,4.7,5.24,99.0489,5.09,0.0,1276.6600341796875,4.104669061056954,0.507298940598844,4.595613667580622
2006-08-01,4.7,5.25,99.4836,4.88,0.0,1303.8199462890625,3.926568077511483,2.1051056620195077,4.599992806458956
2006-09-01,4.5,5.25,99.3183,4.72,0.0,1335.8499755859375,2.012072434607637,2.4269399114309693,4.598329844102016
2006-10-01,4.4,5.25,99.2044,4.73,0.0,1377.93994140625,1.4063284781516971,3.1021812670560824,4.59718236814589
2006-11-01,4.5,5.25,99.1627,4.6,0.0,1400.6300048828125,1.9687026754164672,1.6332551131230073,4.596761935517553
2006-12-01,4.4,5.24,100.1735,4.56,0.0,1418.300048828125,2.5239777889954462,1.2536866857911233,4.606903682614242
2007-01-01,4.6,5.25,99.8346,4.76,0.0,1438.239990234375,2.075765178123423,1.3961131307325756,4.603514816619926
2007-02-01,4.5,5.26,100.7753,4.72,0.0,1406.8199462890625,2.420260782347028,-2.208833705337683,4.6128932859276
2007-03-01,4.4,5.26,100.9547,4.56,0.0,1420.8599853515625,2.798197295943927,0.9930511784698803,4.614671901376903
2007-04-01,4.5,5.25,101.6334,4.69,0.0,1482.3699951171875,2.5929247633283525,4.237984325323969,4.621372221278656
2007-05-01,4.4,5.25,101.7306,4.75,0.0,1530.6199951171875,2.709885742672613,3.203072385189615,4.622328142753466
2007-06-01,4.6,5.25,101.7893,5.1,0.0,1503.3499755859375,2.692765113974227,-1.7976943869676052,4.622904990537174
2007-07-01,4.7,5.26,101.6672,5.0,0.0,1455.27001953125,2.3178905864958077,-3.250447118036484,4.6217047338271815
2007-08-01,4.6,5.02,101.863,4.67,0.0,1473.989990234375,1.897448478900876,1.2781539018930577,4.6236287732120305
2007-09-01,4.7,4.94,102.0894,4.52,0.0,1526.75,2.8338264299802685,3.516829026279035,4.625848899996448
2007-10-01,4.7,4.76,101.8015,4.53,0.0,1549.3800048828125,3.610698365527476,1.4713560940170525,4.623024838781934
2007-11-01,4.7,4.49,102.3446,4.15,0.0,1481.1400146484375,4.373267326732666,-4.504278263090341,4.628345550578648
2007-12-01,5.0,4.24,102.3803,4.1,0.0,1468.3599853515625,4.108813392417532,-0.8665949670829879,4.628694311284961
2008-01-01,5.0,3.94,102.2448,3.74,1.0,1378.550048828125,4.294695655165981,-6.311386420630851,4.6273699378839925
2008-02-01,4.9,2.98,101.8438,3.74,1.0,1330.6300048828125,4.142959270611968,-3.537973959244805,4.623440266985858
2008-03-01,5.1,2.61,101.5336,3.51,1.0,1322.699951171875,3.9749035501344343,-0.5977452826418692,4.620389778184776
2008-04-01,5.0,2.28,100.8785,3.68,1.0,1385.5899658203125,3.9037609759888126,4.645095190758541,4.61391682239465
2008-05-01,5.4,1.98,100.2674,3.88,1.0,1400.3800048828125,4.088413823123993,1.0617614807393634,4.607840617210616
2008-06-01,5.6,2.0,100.0335,4.1,1.0,1280.0,4.935966105947864,-8.988355391782212,4.60550512988812
2008-07-01,5.8,2.01,99.676,4.01,1.0,1267.3800048828125,5.497512078341837,-0.9908296633774069,4.601924925823062
2008-08-01,6.1,2.0,98.1111,3.89,1.0,1282.8299560546875,5.308017162091239,1.2116759351493935,4.5861005100174514
2008-09-01,6.1,1.81,93.7895,3.69,1.0,1166.3599853515625,4.953319875136075,-9.518076507694332,4.541052909447889
2008-10-01,6.5,0.97,94.7219,3.81,1.0,968.75,3.7310578899565128,-18.56364738868827,4.5509452300561355
2008-11-01,6.8,0.39,93.4715,3.53,1.0,896.239990234375,1.0999174706166848,-7.7798357313305395,4.537656576995542
2008-12-01,7.3,0.16,90.8357,2.42,1.0,903.25,-0.02222800255385904,0.77911466734982,4.509052380141634
2009-01-01,7.8,0.15,88.57,2.52,1.0,825.8800048828125,-0.11358601902212717,-8.954987959881684,4.483793199821491
2009-02-01,8.3,0.22,88.031,2.87,1.0,735.0900268554688,0.008463140671510772,-11.645651319919006,4.47768902517201
2009-03-01,8.7,0.18,86.6528,2.82,1.0,797.8699951171875,-0.4464787676623838,8.195269356125575,4.461909329546052
2009-04-01,9.0,0.15,85.9344,2.93,1.0,872.8099975585938,-0.5763244243767063,8.977221824359974,4.453584214482981
2009-05-01,9.4,0.18,85.0665,3.29,1.0,919.1400146484375,-1.015761495855172,5.172057715517407,4.443433303552957
2009-06-01,9.5,0.21,84.7459,3.72,1.0,919.3200073242188,-1.2291746182109153,0.01958080939538299,4.439657367509206
2009-07-01,9.5,0.16,85.7027,3.56,0.0,987.47998046875,-1.9587610037622771,7.152194934301422,4.450884330358329
2009-08-01,9.6,0.16,86.6426,3.59,0.0,1020.6199951171875,-1.4838355663267633,3.300933634285532,4.461791611476078
2009-09-01,9.8,0.15,87.4063,3.4,0.0,1057.0799560546875,-1.377942862886472,3.5100067367746317,4.470567362443543
2009-10-01,10.0,0.12,87.6419,3.39,0.0,1036.18994140625,-0.22396829420033848,-1.9959880197119548,4.473259194090623
2009-11-01,9.9,0.12,88.0221,3.4,0.0,1095.6300048828125,1.9145871744709275,5.577907658673722,4.477587919312385
2009-12-01,9.9,0.12,88.3793,3.59,0.0,1115.0999755859375,2.8141231232083674,1.7614520350300045,4.481637779327259
2010-01-01,9.8,0.11,89.3426,3.73,0.0,1073.8699951171875,2.6211113889767157,-3.76751237121947,4.492478417806307
2010-02-01,9.8,0.13,89.6779,3.69,0.0,1104.489990234375,2.151336357866529,2.811473974184046,4.496224361897403
2010-03-01,9.9,0.16,90.2928,3.73,0.0,1169.4300537109375,2.2861714393279886,5.71328154163926,4.503057723024729
2010-04-01,9.9,0.2,90.5991,3.85,0.0,1186.68994140625,2.2067707525304403,1.465137300691843,4.506444279224759
2010-05-01,9.6,0.2,91.823,3.42,0.0,1089.4100341796875,2.003548929218568,-8.553157288349063,4.519862810907681
2010-06-01,9.4,0.18,91.9928,3.2,0.0,1030.7099609375,1.1215605940686268,-5.538844940550374,4.521710313116934
2010-07-01,9.4,0.18,92.3421,3.01,0.0,1101.5999755859375,1.3407784804821077,6.651579901085699,4.525500158860533
2010-08-01,9.5,0.19,92.6805,2.7,0.0,1049.3299560546875,1.1501775395112546,-4.861182288741885,4.529158094456831
2010-09-01,9.5,0.19,92.9537,2.65,0.0,1141.199951171875,1.1183122472331775,8.392847418803404,4.5321015197227
2010-10-01,9.4,0.19,92.6903,2.54,0.0,1183.260009765625,1.1666951489314625,3.619305175049079,4.529263828477605
2010-11-01,9.8,0.19,92.7709,2.76,0.0,1180.550048828125,1.084544776600338,-0.22928763797244472,4.530133013030216
2010-12-01,9.3,0.18,93.6787,3.29,0.0,1257.6400146484375,1.437793022217937,6.3256487508998065,4.539870842164994
2011-01-01,9.1,0.17,93.4814,3.39,0.0,1286.1199951171875,1.7007834915029774,2.2392969812412193,4.537762486024065
2011-02-01,9.0,0.16,93.1102,3.58,0.0,1327.219970703125,2.124898173333145,3.145657676282469,4.533783737895124
2011-03-01,9.0,0.14,94.0788,3.41,0.0,1325.8299560546875,2.619241510354109,-0.10478617545838824,4.544132728966929
2011-04-01,9.1,0.1,93.7749,3.46,0.0,1363.6099853515625,3.0772344447868694,2.8096938770245248,4.5408972295850845
2011-05-01,9.0,0.09,93.888,3.17,0.0,1345.199951171875,3.4589718808964998,-1.3592919455284003,4.542102582520517
2011-06-01,9.1,0.09,94.172,3.0,0.0,1320.6400146484375,3.5023181506360412,-1.8426185911932575,4.545122897482703
2011-07-01,9.0,0.07,94.636,3.0,0.0,1292.280029296875,3.5798809769996165,-2.170835585666382,4.550037953350042
2011-08-01,9.0,0.1,95.2749,2.3,0.0,1218.8900146484375,3.75499603070808,-5.8467502271956855,4.556766397166091
2011-09-01,9.0,0.08,95.1961,1.98,0.0,1131.4200439453125,3.812621692818685,-7.44671007197857,4.55593897457162
2011-10-01,8.8,0.07,95.8568,2.15,0.0,1253.300048828125,3.5222681306640524,10.230659176938868,4.562855411158854
2011-11-01,8.6,0.08,95.8485,2.01,0.0,1246.9599609375,3.451432214581729,-0.5071553722512535,4.56276881991693
2011-12-01,8.5,0.07,96.3571,1.98,0.0,1257.5999755859375,3.062066838419386,0.8496565407114517,4.568061081818492
2012-01-01,8.3,0.08,96.9318,1.97,0.0,1312.4100341796875,3.0087663379855023,4.266004446780736,4.57400763843423
2012-02-01,8.3,0.1,97.2435,1.97,0.0,1365.6800537109375,2.8981784423473878,3.9787344672044562,4.577218142218522
2012-03-01,8.2,0.13,96.74,2.17,0.0,1408.469970703125,2.5828752813320977,3.085147563299614,4.572026967394837
2012-04-01,8.2,0.14,97.4359,2.05,0.0,1397.9100341796875,2.2731633741348567,-0.7525699544988768,4.57919472590062
2012-05-01,8.2,0.16,97.6609,1.8,0.0,1310.3299560546875,1.7379429374660749,-6.469930815862472,4.581501274237169
2012-06-01,8.2,0.16,97.6663,1.62,0.0,1362.1600341796875,1.653870448297634,3.879271987369995,4.581556566075699
2012-07-01,8.2,0.16,97.8713,1.53,0.0,1379.3199462890625,1.4175114798464783,1.2518884940282722,4.583653350275842
2012-08-01,8.1,0.13,97.4525,1.68,0.0,1406.5799560546875,1.6859349154821235,1.9570609701871091,4.579365079806139
2012-09-01,7.8,0.14,97.381,1.72,0.0,1440.6700439453125,1.9497168982819613,2.3947118796254596,4.578631119750915
2012-10-01,7.8,0.16,97.7193,1.75,0.0,1412.1600341796875,2.1556780595369363,-1.9987842358050205,4.5820990830401005
2012-11-01,7.7,0.16,98.0777,1.65,0.0,1416.1800537109375,1.7960197033926262,0.28426724604567316,4.585760021668242
2012-12-01,7.9,0.16,98.3101,1.72,0.0,1426.18994140625,1.7595049796895523,0.7043368100713409,4.588126768568835
2013-01-01,8.0,0.14,98.3342,1.91,0.0,1498.1099853515625,1.684061762098299,4.919779199874611,4.5883718811921925
2013-02-01,7.7,0.15,98.7941,1.98,0.0,1514.6800537109375,2.0181404902574807,1.0999927126354463,4.593037886371524
2013-03-01,7.5,0.14,99.1921,1.96,0.0,1569.18994140625,1.5187472411246183,3.5355294329704883,4.597058374022851
2013-04-01,7.6,0.15,99.1065,1.76,0.0,1597.5699462890625,1.138808047576867,1.7924165836652506,4.596195029497807
2013-05-01,7.5,0.11,99.1839,1.93,0.0,1630.739990234375,1.3903888279197085,2.0550202383511564,4.596975702731922
2013-06-01,7.5,0.09,99.3897,2.3,0.0,1606.280029296875,1.7157935271568725,-1.5112928770280076,4.599048486563044
2013-07-01,7.3,0.09,99.0814,2.58,0.0,1685.72998046875,1.885471805415806,4.827772805178804,4.595941734517294
2013-08-01,7.2,0.08,99.6543,2.74,0.0,1632.969970703125,1.538809488600279,-3.179826803794541,4.601707196756425
2013-09-01,7.2,0.08,100.161,2.81,0.0,1681.550048828125,1.0947341081747997,2.931559136642498,4.606778891327507
2013-10-01,7.2,0.09,100.082,2.62,0.0,1756.5400390625,0.8767991434911471,4.362997111283392,4.605989849971768
2013-11-01,6.9,0.08,100.3158,2.72,0.0,1805.81005859375,1.2328701961954458,2.766328977323541,4.6083232099794955
2013-12-01,6.7,0.09,100.5175,2.9,0.0,1848.3599853515625,1.5128383667573297,2.32894744820535,4.6103318416936085
2014-01-01,6.6,0.07,100.1599,2.86,0.0,1782.5899658203125,1.557758795574915,-3.6231407776019298,4.606767908948734
2014-02-01,6.7,0.07,100.9168,2.71,0.0,1859.449951171875,1.1204746347724948,4.221337507227561,4.61429641498635
2014-03-01,6.7,0.08,101.8942,2.72,0.0,1872.3399658203125,1.6126949139408042,0.6908248426944213,4.623935020061161
2014-04-01,6.2,0.09,101.9928,2.71,0.0,1883.949951171875,2.015125303606169,0.6181643365584686,4.62490222255751
2014-05-01,6.3,0.09,102.3836,2.56,0.0,1923.5699462890625,2.166947687079812,2.081219601335824,4.628726543529026
2014-06-01,6.1,0.1,102.735,2.6,0.0,1960.22998046875,2.0589816945944195,1.8878996713560545,4.632152857317978
2014-07-01,6.2,0.09,102.9632,2.54,0.0,1930.6700439453125,1.9742378703305974,-1.5194687637991529,4.634371642835977
2014-08-01,6.1,0.09,102.7688,2.42,0.0,2003.3699951171875,1.7150983482969062,3.6963644407989245,4.632481805009503
2014-09-01,5.9,0.09,103.0641,2.53,0.0,1972.2900390625,1.6840509711232077,-1.563543610528987,4.635351124759652
2014-10-01,5.7,0.09,103.0764,2.3,0.0,2018.050048828125,1.6095417021513292,2.2936398829564384,4.6354704608436785
2014-11-01,5.8,0.09,103.7126,2.33,0.0,2067.56005859375,1.231524989320798,2.4237473563306713,4.641623612193868
2014-12-01,5.6,0.12,103.7044,2.21,0.0,2058.89990234375,0.6531213919623191,-0.4197384221126008,4.64154454442214
2015-01-01,5.7,0.11,102.8905,1.88,0.0,1994.989990234375,-0.22993097820542818,-3.1532779266425477,4.633665315934663
2015-02-01,5.5,0.11,102.2335,1.98,0.0,2104.5,-0.08703146293520536,5.343887632562722,4.627259412708348
2015-03-01,5.4,0.11,101.8914,2.04,0.0,2067.889892578125,-0.022031284423873476,-1.7549197433963104,4.623907540199973
2015-04-01,5.4,0.12,101.3355,1.94,0.0,2085.510009765625,-0.10403098939391064,0.8484722544635537,4.618436794088477
2015-05-01,5.6,0.12,100.8883,2.2,0.0,2107.389892578125,0.03503321824429584,1.043672967533685,4.614013964243633
2015-06-01,5.3,0.13,100.571,2.36,0.0,2063.110107421875,0.1795718097550525,-2.1235558871758675,4.610863945730013
2015-07-01,5.2,0.13,101.2228,2.32,0.0,2103.840087890625,0.22568611104094582,1.9549682990019603,4.6173240279206205
2015-08-01,5.1,0.14,101.0367,2.17,0.0,1972.1800537109375,0.2413037985344868,-6.462473099312395,4.615483817176334
2015-09-01,5.0,0.14,100.7547,2.17,0.0,1920.030029296875,0.008842961634170088,-2.6798730963462862,4.612688849862779
2015-10-01,5.0,0.12,100.2675,2.07,0.0,2079.360107421875,0.12761656067050708,7.9719379543398725,4.607841614543251
2015-11-01,5.1,0.12,99.5298,2.26,0.0,2080.409912109375,0.4363182169185187,0.050474170680518696,4.600457096811565
2015-12-01,5.0,0.24,99.0417,2.24,0.0,2043.93994140625,0.6387247515364791,-1.7685658390257228,4.595540973570879
2016-01-01,4.8,0.34,99.5607,2.09,0.0,1940.239990234375,1.2375025026943876,-5.206761730549679,4.600767508410793
2016-02-01,4.9,0.38,99.0445,1.78,0.0,1932.22998046875,0.8472775790126619,-0.41369055149924305,4.595569244091493
2016-03-01,5.0,0.36,98.3096,1.89,0.0,2059.739990234375,0.8916160965521946,6.390499028682897,4.5881216826084765
2016-04-01,5.1,0.37,98.6421,1.81,0.0,2065.300048828125,1.1726257503534843,0.26957614511553935,4.591498148167183
2016-05-01,4.8,0.37,98.4184,1.81,0.0,2096.949951171875,1.0784764621246223,1.5208366810523843,4.589227778447326
2016-06-01,4.9,0.38,98.8833,1.64,0.0,2098.860107421875,1.0792865347959424,0.09105066031534965,4.593940366938896
2016-07-01,4.8,0.39,98.9992,1.5,0.0,2173.60009765625,0.8683633430518256,3.4990432691054076,4.595111769293859
2016-08-01,4.9,0.4,98.85,1.56,0.0,2170.949951171875,1.0553158595656864,-0.12199867803522135,4.593603549616626
2016-09-01,5.0,0.4,98.7457,1.63,0.0,2168.27001953125,1.5486446201652182,-0.12352137017536324,4.592547858529353
2016-10-01,4.9,0.4,98.7611,1.76,0.0,2126.14990234375,1.685924966243646,-1.9616837043472766,4.592703802527547
2016-11-01,4.7,0.41,98.3491,2.14,0.0,2198.81005859375,1.6843334719788938,3.3603545044434315,4.58852339380184
2016-12-01,4.7,0.54,99.0214,2.49,0.0,2238.830078125,2.0507989115119862,1.803711129927909,4.595335988391196
2017-01-01,4.7,0.65,98.7611,2.43,0.0,2278.8701171875,2.5103933482571117,1.7726314621062853,4.592703802527547
2017-02-01,4.6,0.66,98.3646,2.42,0.0,2363.639892578125,2.8103616813294208,3.6523000738276954,4.588680983232897
2017-03-01,4.4,0.79,99.0137,2.48,0.0,2362.719970703125,2.44119623655914,-0.038927289213133896,4.595258224398814
2017-04-01,4.4,0.9,100.0224,2.3,0.0,2384.199951171875,2.176223471915395,0.9050132478198201,4.605394160903837
2017-05-01,4.4,0.91,100.1408,2.3,0.0,2411.800048828125,1.8563431667619756,1.1509759110980617,4.606577195685547
2017-06-01,4.3,1.04,100.3471,2.19,0.0,2423.409912109375,1.640565809959127,0.48022260405038786,4.608635175970757
2017-07-01,4.3,1.15,100.1068,2.32,0.0,2470.300048828125,1.7251073506566073,1.916401754710087,4.606237616081828
2017-08-01,4.4,1.16,99.6925,2.21,0.0,2471.64990234375,1.92812155729698,0.05462837796946754,4.602090448461168
2017-09-01,4.3,1.15,99.7954,2.2,0.0,2519.360107421875,2.1805652303711787,1.911903935235539,4.603122090070772
2017-10-01,4.2,1.15,101.0247,2.36,0.0,2575.260009765625,2.020757753132485,2.194556003184166,4.615365041398139
2017-11-01,4.2,1.16,101.2664,2.35,0.0,2647.580078125,2.172493864295566,2.769554104663445,4.617754668178707
2017-12-01,4.1,1.3,101.4644,2.4,0.0,2673.610107421875,2.129930719552253,0.9783614574871227,4.619707998042306
2018-01-01,4.0,1.41,101.4625,2.58,0.0,2823.81005859375,2.151318868063945,5.465739835832857,4.619689272087294
2018-02-01,4.1,1.42,101.7085,2.86,0.0,2713.830078125,2.263468931091861,-3.97261075980839,4.622110878716347
2018-03-01,4.0,1.51,102.2067,2.84,0.0,2640.8701171875,2.3309497646499366,-2.725249736693992,4.626997233350731
2018-04-01,4.0,1.69,103.3329,2.87,0.0,2648.050048828125,2.4709963021052994,0.2715085811824473,4.637955815253902
2018-05-01,3.8,1.7,102.4024,2.98,0.0,2705.27001953125,2.781921607842497,2.1378191183066173,4.628910149830753
2018-06-01,4.0,1.82,103.198,2.91,0.0,2718.3701171875,2.8075506935940187,0.4830749386570285,4.636649473014709
2018-07-01,3.8,1.91,103.3646,2.89,0.0,2816.2900390625,2.854124785561929,3.5387950737524285,4.6382625436879525
2018-08-01,3.8,1.91,104.0327,2.89,0.0,2901.52001953125,2.6429238568742575,2.9814314524382426,4.64470527279772
2018-09-01,3.7,1.95,104.1004,3.0,0.0,2913.97998046875,2.332055105808828,0.4285093286333627,4.645355818072715
2018-10-01,3.8,2.19,103.9856,3.15,0.0,2711.739990234375,2.492032470218053,-7.192934595429683,4.644252428016228
2018-11-01,3.8,2.2,104.0681,3.12,0.0,2760.169921875,2.147328577667773,1.7701752056117588,4.645045492540666
2018-12-01,3.9,2.27,104.0936,2.83,0.0,2506.85009765625,2.0023809043401064,-9.626521985789902,4.645290494384208
2019-01-01,4.0,2.4,103.4021,2.71,0.0,2704.10009765625,1.4875893578291333,7.574215198675599,4.63862527134585
2019-02-01,3.8,2.4,102.8371,2.68,0.0,2784.489990234375,1.5188615351321877,2.9295553365402385,4.633146182855784
2019-03-01,3.8,2.41,102.8757,2.57,0.0,2834.39990234375,1.8831863513063984,1.7765510890228746,4.633521463348325
2019-04-01,3.7,2.42,102.274,2.53,0.0,2945.830078125,2.000583470209061,3.856039741757082,4.627655486207163
2019-05-01,3.6,2.39,102.392,2.4,0.0,2752.06005859375,1.7959105553606136,-6.804089408287398,4.62880858455349
2019-06-01,3.6,2.38,102.4375,2.07,0.0,2941.760009765625,1.671194894390049,6.665830156302614,4.629252856504048
2019-07-01,3.7,2.4,101.9408,2.06,0.0,2980.3798828125,1.826331335037068,1.3042724833705281,4.624392252634682
2019-08-01,3.6,2.13,102.639,1.63,0.0,2926.4599609375,1.7376412106666406,-1.8257281743262237,4.631217977469585
2019-09-01,3.5,2.04,102.2917,1.7,0.0,2976.739990234375,1.6844977040391562,1.7035250591071929,4.627828535746203
2019-10-01,3.6,1.83,101.4281,1.71,0.0,3037.56005859375,1.7339736996186295,2.0225842153317446,4.619350173081922
2019-11-01,3.6,1.55,101.9372,1.81,0.0,3140.97998046875,2.092290394862917,3.3480266071378155,4.624356937397135
2019-12-01,3.6,1.55,101.7003,1.86,0.0,3230.780029296875,2.3195274699624457,2.818875629854215,4.622030252902671
2020-01-01,3.6,1.55,101.0338,1.76,0.0,3225.52001953125,2.599767976845202,-0.16294196024425806,4.615455114322625
2020-02-01,3.5,1.58,101.3735,1.5,0.0,2954.219970703125,2.3413166797595197,-8.785953690838776,4.618811715778635
2020-03-01,4.4,0.65,97.4078,0.87,1.0,2584.590087890625,1.4940399642909163,-13.36677246703745,4.57890628957761
2020-04-01,14.8,0.05,84.5619,0.66,1.0,2912.429931640625,0.3130472940411133,11.942083876017671,4.437483810562154
2020-05-01,13.2,0.05,85.9604,0.67,0.0,3044.31005859375,0.1982013035848551,4.428653294909693,4.453886725090612
2020-06-01,11.0,0.08,91.5934,0.73,0.0,3100.2900390625,0.7166562831830481,1.8221374356719156,4.517359216682439
2020-07-01,10.2,0.09,95.0256,0.62,0.0,3271.1201171875,0.9968647625897997,5.363680163450586,4.554146328983239
2020-08-01,8.4,0.1,95.9549,0.65,0.0,3500.31005859375,1.2810698495523853,6.771908300435733,4.5638782894144905
2020-09-01,7.8,0.09,95.9669,0.68,0.0,3363.0,1.3910228912373812,-4.001811998317809,4.564003340346856
2020-10-01,6.9,0.09,96.7394,0.79,0.0,3269.9599609375,1.2303863428671624,-2.8055692285554126,4.5720207651841624
2020-11-01,6.7,0.09,97.0816,0.87,0.0,3621.6298828125,1.1757452138405844,10.214642790660017,4.575551861975161
2020-12-01,6.7,0.09,98.363,0.93,0.0,3756.070068359375,1.3204191315779434,3.644904784059159,4.588664717086205
2021-01-01,6.4,0.09,98.8822,1.08,0.0,3714.239990234375,1.3738437137002402,-1.11991376508885,4.593929242652809
2021-02-01,6.2,0.08,95.6149,1.26,0.0,3811.14990234375,1.6698167791706853,2.5756876672536637,4.560328665653386
2021-03-01,6.1,0.07,98.3856,1.61,0.0,3972.889892578125,2.6678187820641908,4.1562807282546625,4.588894451885836
2021-04-01,6.1,0.07,98.5587,1.64,0.0,4181.169921875,4.133077115360573,5.1097330468056406,4.590652309763157
2021-05-01,5.8,0.06,99.4333,1.62,0.0,4204.10986328125,4.918257089467626,0.547149271672327,4.59948706761955
2021-06-01,5.9,0.08,99.7987,1.52,0.0,4297.5,5.295632620349999,2.1970872566122472,4.603155157180474
2021-07-01,5.4,0.1,100.2519,1.32,0.0,4395.259765625,5.245169381309234,2.2493175922251307,4.607686018625534
2021-08-01,5.1,0.09,100.0437,1.28,0.0,4522.68017578125,5.152015301793966,2.8578143159792577,4.6056070905314
2021-09-01,4.7,0.08,98.8579,1.37,0.0,4307.5400390625,5.351215590949132,-4.873779278283316,4.593683465492564
2021-10-01,4.5,0.08,100.1861,1.58,0.0,4605.3798828125,6.235042390298062,6.68581752839893,4.60702945647301
2021-11-01,4.1,0.08,100.8654,1.56,0.0,4567.0,6.901970403700863,-0.8368625655205266,4.613786954775174
2021-12-01,3.9,0.08,100.5726,1.47,0.0,4766.18017578125,7.174340285065539,4.268864816139665,4.610879854762167
2022-01-01,4.0,0.08,100.1856,1.76,0.0,4515.5498046875,7.558805726967832,-5.401822999928342,4.607024465748273
2022-02-01,3.9,0.08,100.8064,1.93,0.0,4373.93994140625,7.937278766517819,-3.186276102171146,4.613201845685224
2022-03-01,3.7,0.2,101.3907,2.13,0.0,4530.41015625,8.572204966013853,3.5148286271522737,4.618981370974584
2022-04-01,3.7,0.33,101.44,2.75,0.0,4131.93017578125,8.231750770777225,-9.206782490742233,4.6194674906889155
2022-05-01,3.6,0.77,101.3335,2.9,0.0,4132.14990234375,8.538171195642065,0.005317629076062466,4.618417057473602
2022-06-01,3.6,1.21,101.018,3.14,0.0,3785.3798828125,8.979361103105798,-8.76515818048179,4.615298718784132
2022-07-01,3.5,1.68,101.223,2.9,0.0,4130.2900390625,8.462576727730099,8.720138468971587,4.617326003758104
2022-08-01,3.6,2.33,101.0963,2.9,0.0,3955.0,8.222579178218826,-4.336703066340545,4.616073527928434
2022-09-01,3.5,2.56,101.2918,3.52,0.0,3585.6201171875,8.192106896425821,-9.804916662099258,4.61800546029804
2022-10-01,3.6,3.08,101.2529,3.98,0.0,3871.97998046875,7.758813957693,7.683456446885563,4.6176213475517836
2022-11-01,3.6,3.78,100.9552,3.89,0.0,4080.110107421875,7.122856456533988,5.235797609764905,4.614676854081055
2022-12-01,3.5,4.1,99.7664,3.62,0.0,3839.5,6.404600402357152,-6.078182537666818,4.60283145328353
2023-01-01,3.5,4.33,100.505,3.53,0.0,4076.60009765625,6.327178517960097,5.992118183434967,4.61020747750536
2023-02-01,3.6,4.57,100.6416,3.75,0.0,3970.14990234375,5.957820738137087,-2.645947885979313,4.6115656910769465
2023-03-01,3.5,4.65,101.0205,3.66,0.0,4109.31005859375,4.917719362889961,3.4451292698263587,4.6153234665426055
2023-04-01,3.4,4.83,101.253,3.46,0.0,4169.47998046875,4.950079879124369,1.45361776495622,4.617622335177329
2023-05-01,3.6,5.06,100.9286,3.57,0.0,4179.830078125,4.131851231385042,0.24792714332724763,4.614413336154862
2023-06-01,3.6,5.08,100.1196,3.75,0.0,4450.3798828125,3.070617072997095,6.271886491464175,4.606365471349839
2023-07-01,3.5,5.12,100.9067,3.9,0.0,4588.9599609375,3.287749268428297,3.066395090770391,4.614196327533616
2023-08-01,3.7,5.33,100.8393,4.17,0.0,4507.66015625,3.722504803505289,-1.7875203842993896,4.61352816060582
2023-09-01,3.7,5.33,101.0211,4.38,0.0,4288.0498046875,3.687206638119256,-4.994616792328207,4.615329405913507
2023-10-01,3.9,5.33,100.4689,4.8,0.0,4193.7998046875,3.2512659098611785,-2.2224841001403375,4.609848226872434
2023-11-01,3.7,5.33,100.8639,4.5,0.0,4567.7998046875,3.1333462745911866,8.54244482007529,4.613772083360858
2023-12-01,3.8,5.33,100.6031,4.02,0.0,4769.830078125,3.3159099427102934,4.327903543160834,4.611183072300207
2024-01-01,3.7,5.33,99.2223,4.06,0.0,4845.64990234375,3.0883429864855705,1.5770693886425724,4.597362787414553
2024-02-01,3.9,5.33,100.285,4.21,0.0,5096.27001953125,3.157074141648697,5.042752831277197,4.60801613243801
2024-03-01,3.9,5.33,100.4575,4.21,0.0,5254.35009765625,3.4868349120836584,3.054742011174303,4.609734752485671
2024-04-01,3.9,5.33,100.2434,4.54,0.0,5035.68994140625,3.3607951262196734,-4.250577768147858,4.607601228607962
2024-05-01,3.9,5.33,100.863,4.48,0.0,5277.509765625,3.244278584003113,4.6903805304359665,4.61376316040611
2024-06-01,4.1,5.33,100.894,4.31,0.0,5460.47998046875,2.9702579486470926,3.4082343238882262,4.614070460774811
2024-07-01,4.2,5.33,99.9757,4.25,0.0,5522.2998046875,2.9414757935583014,1.1257710402409888,4.604927156458808
2024-08-01,4.2,5.33,100.4309,3.87,0.0,5648.39990234375,2.607144490692037,2.2577897117514727,4.609469928830792
2024-09-01,4.1,5.13,99.8084,3.72,0.0,5762.47998046875,2.4264830315416708,1.9995632287754546,4.603252348112136
2024-10-01,4.1,4.83,99.4695,4.1,0.0,5705.4501953125,2.578844053871343,-0.9946041598550177,4.59985106451049
2024-11-01,4.2,4.64,99.2925,4.36,0.0,6032.3798828125,2.719472461284833,5.5719714029497265,4.5980700394977845
2024-12-01,4.1,4.48,100.3273,4.39,0.0,5881.6298828125,2.870690967509981,-2.5307692187745623,4.6084378413823455
2025-01-01,4.0,4.33,100.0647,4.63,0.0,6040.52978515625,2.9909783078999608,2.665780641966916,4.605816976773828
2025-02-01,4.2,4.33,101.0993,4.45,0.0,5954.5,2.8015834477613355,-1.4344484648483262,4.6161032021646715
2025-03-01,4.2,4.33,101.0404,4.28,0.0,5611.85009765625,2.381981462805549,-5.926678538017666,4.615520436862586
2025-04-01,4.2,4.33,101.1279,4.28,0.0,5569.06005859375,2.32538823025783,-0.7654161847847313,4.616386052346948
2025-05-01,4.3,4.33,100.9655,4.42,0.0,5911.68994140625,2.3772651073680873,5.970544763775343,4.614778874329686
2025-06-01,4.1,4.33,101.4785,4.38,0.0,6204.9501953125,2.680453865910226,4.841565544761899,4.6198469533841555
2025-07-01,4.3,4.33,101.894,4.39,0.0,6339.39013671875,2.742618052167134,2.1435178792465086,4.623933057238976
2025-08-01,4.3,4.33,101.6247,4.26,0.0,6460.259765625,2.9385917430316155,1.8886957507385715,4.621286615834097
2025-09-01,4.4,4.22,101.668,4.12,0.0,6688.4599609375,3.0225715847133294,3.471411909808157,4.621712602607403
2025-10-01,4.45,4.09,101.2195,4.06,0.0,6840.2001953125,2.8587179332828505,2.2433352045496773,4.617291426038501
2025-11-01,4.5,3.88,101.0344,4.09,0.0,6849.08984375,2.6964439164939513,0.1298774393957997,4.615461052911676
2025-12-01,4.4,3.72,101.4941,4.14,0.0,6845.5,2.653304114557753,-0.05242718289754783,4.620000668713522
2026-01-01,4.3,3.64,101.0388,4.21,0.0,6939.02978515625,2.391201432150014,1.3570462244289077,4.6155046014871495
2026-02-01,4.4,3.64,101.9263,4.13,0.0,6878.8798828125,2.4340041103732224,-0.8706133376068959,4.62425000310031
2026-03-01,4.3,3.64,101.6172,4.25,0.0,6528.52001953125,3.2859577528651984,-5.227555661610112,4.621212812154803
2026-04-01,4.3,3.64,102.4196,4.32,0.0,7209.009765625,3.7792458367415627,9.91513257212326,4.6290781005395685
2026-05-01,4.3,3.63,102.5606,4.48,0.0,7580.06005859375,4.166614684049641,5.018952285519433,4.630453843389256
2026-06-01,4.2,3.63,102.6395,4.47,0.0,7499.35986328125,3.463530729385411,-1.070345758310673,4.631222848900348
